sku_id,total_revenue,total_units,total_orders,avg_discount,avg_sell_price,category,subcategory,mrp,cost_price,gross_margin_pct,sku_age_months,is_active,monthly_storage_cost,min_order_quantity,avg_handling_cost_per_unit,packaging_complexity_score,supplier_lead_time_days,monthly_complexity_cost,cumulative_rev_pct,abc_class,score_abc,cv,xyz_class,growth_pct,velocity_tag,score_xyz,gross_profit,total_complexity_cost,total_handling_cost,true_profit,true_margin_pct,score_margin,times_as_gateway,avg_ltv_90d,repeat_rate,gateway_score_raw,score_gateway,rationalization_score,recommendation
SKU0025,2927799.0,2257,1409,0.11799148332150461,1296.5525195173882,Haircare,Shampoo,1470.0,568.0,61.36,9.4,True,194.0,100,32.14,3,14,794.0,3.1890930236439528,A,3,0.166,X,-2.9,Stable,3,1644343.04,19056.0,72539.98,1552747.06,53.03,3,625,2419.0,71.7,448.1,3,3.0,Protect
SKU0054,2694707.4,2138,1347,0.11592427616926504,1262.4601336302896,Skincare,Face Wash,1428.0,597.0,58.19,11.0,True,190.0,100,44.79,4,14,990.0,6.124291980301065,A,3,0.151,X,4.5,Stable,3,1422753.77,23760.0,95761.02,1303232.75,48.36,3,602,2278.0,72.6,437.1,3,3.0,Protect
SKU0036,2482196.7,1928,1229,0.11724979658258747,1287.9325467860049,Haircare,Shampoo,1459.0,679.0,53.46,16.9,True,526.0,200,36.79,3,14,1126.0,8.828014530681758,A,3,0.154,X,8.2,Stable,3,1174021.95,27024.0,70931.12,1076066.83,43.35,3,527,2368.0,71.2,375.2,3,3.0,Protect
SKU0040,2407927.3000000003,2330,1471,0.1154656696125085,1035.7897008837526,Haircare,Shampoo,1171.0,341.0,70.88,33.0,True,184.0,200,35.83,4,21,984.0,11.4508394424574,A,3,0.155,X,-4.2,Stable,3,1618860.0,23616.0,83483.9,1511760.1,62.78,3,639,1999.0,75.4,481.8,3,3.0,Protect
SKU0047,2393591.2,1997,1223,0.10911692559280457,1195.5650858544564,Haircare,Shampoo,1342.0,475.0,64.61,11.6,True,447.0,500,24.98,2,45,847.0,14.05804881624828,A,3,0.172,X,0.4,Stable,3,1438968.48,20328.0,49885.06,1368755.42,57.18,3,488,2262.0,74.4,363.1,3,3.0,Protect
SKU0004,2343685.95,2121,1344,0.11651785714285715,1105.2361607142857,Haircare,Hair Oil,1251.0,352.0,71.86,11.7,True,185.0,50,23.13,4,14,985.0,16.610899101652894,A,3,0.127,X,-7.6,Stable,3,1597613.9,23640.0,49058.73,1524915.17,65.06,3,598,2018.0,72.1,431.2,3,3.0,Protect
SKU0014,2328280.3,2500,1576,0.1116751269035533,933.6294416243654,Haircare,Conditioner,1051.0,377.0,64.13,31.8,True,351.0,200,30.41,3,30,951.0,19.146968846132502,A,3,0.113,X,1.5,Stable,3,1391573.6,22824.0,76025.0,1292724.6,55.52,3,681,1822.0,73.7,501.9,3,3.0,Protect
SKU0027,2232970.6,2243,1420,0.11669014084507041,994.6069014084508,Haircare,Conditioner,1126.0,405.0,64.03,26.1,True,165.0,100,13.53,2,21,565.0,21.57922289173538,A,3,0.159,X,-2.2,Stable,3,1322488.28,13560.0,30347.79,1278580.49,57.26,3,608,1895.0,75.3,457.8,3,3.0,Protect
SKU0012,2230108.65,2327,1434,0.11778242677824269,960.7349372384937,Haircare,Conditioner,1089.0,488.0,55.19,4.7,True,527.0,200,41.6,1,45,727.0,24.008359570067135,A,3,0.208,X,-18.1,Stable,3,1100054.2,17448.0,96803.2,985803.0,44.2,3,643,1921.0,73.6,473.2,3,3.0,Protect
SKU0015,2110169.4,2051,1293,0.1171307037896365,1030.3084686774944,Haircare,Conditioner,1167.0,453.0,61.18,29.8,True,523.0,100,20.89,3,30,1123.0,26.306852913444512,A,3,0.152,X,3.1,Stable,3,1184059.67,26952.0,42845.39,1114262.28,52.8,3,561,2009.0,71.1,398.9,3,3.0,Protect
SKU0049,2085954.0,1676,1058,0.11828922495274102,1243.2121928166353,Skincare,Moisturizer,1410.0,424.0,69.93,10.0,True,293.0,200,36.87,1,7,493.0,28.578969731929043,A,3,0.165,X,1.0,Stable,3,1372999.64,11832.0,61794.12,1299373.52,62.29,3,460,2301.0,73.0,335.8,3,3.0,Protect
SKU0011,1999427.0,2527,1571,0.1153723742838956,789.9724697644813,Haircare,Conditioner,893.0,294.0,67.08,32.1,True,185.0,200,26.34,3,21,785.0,30.75683737140339,A,3,0.102,X,-4.3,Stable,3,1253322.43,18840.0,66561.18,1167921.25,58.41,3,647,1636.0,73.1,473.0,3,3.0,Protect
SKU0035,1964801.9,1783,1083,0.11819021237303785,1101.3804247460757,Haircare,Hair Mask,1249.0,564.0,54.84,7.6,True,495.0,100,21.68,3,30,1095.0,32.896989763057455,A,3,0.123,X,-6.1,Stable,3,958149.3,26280.0,38655.44,893213.86,45.46,3,468,2101.0,75.4,352.9,3,3.0,Protect
SKU0007,1949828.4,1509,953,0.11479538300104933,1295.9395592864637,Haircare,Shampoo,1464.0,521.0,64.41,38.1,True,483.0,100,22.14,3,7,1083.0,35.02083233139731,A,3,0.175,X,0.3,Stable,3,1169383.79,25992.0,33409.26,1109982.53,56.93,3,405,2337.0,70.4,285.1,3,3.0,Protect
SKU0043,1913373.0,2152,1350,0.1141851851851852,889.358074074074,Haircare,Shampoo,1004.0,365.0,63.65,39.0,True,187.0,200,42.89,2,30,587.0,37.104966005166816,A,3,0.117,X,4.9,Stable,3,1128418.58,14088.0,92299.28,1022031.3,53.42,3,584,1715.0,74.3,433.9,3,3.0,Protect
SKU0009,1770898.8,1513,923,0.1080715059588299,1169.318255687974,Haircare,Shampoo,1311.0,594.0,54.69,26.5,True,261.0,200,38.39,3,14,861.0,39.03391024234274,A,3,0.217,X,-3.8,Stable,3,870456.52,20664.0,58084.07,791708.45,44.71,3,422,2208.0,73.9,311.9,3,3.0,Protect
SKU0044,1686748.0,1784,1125,0.118,943.74,Haircare,Conditioner,1070.0,367.0,65.7,18.8,True,476.0,200,9.58,3,14,1076.0,40.871193566589184,A,3,0.135,X,-1.7,Stable,3,1028904.16,25824.0,17090.72,985989.44,58.46,3,485,1906.0,74.4,360.8,3,3.0,Protect
SKU0003,1671828.4,2043,1289,0.11823118696664081,819.1632273079906,Haircare,Shampoo,929.0,393.0,57.7,37.6,True,335.0,100,14.19,1,21,535.0,42.692225777874796,A,3,0.189,X,19.5,Stable,3,870651.47,12840.0,28990.17,828821.3,49.58,3,529,1548.0,74.7,395.2,3,3.0,Protect
SKU0019,1645185.5,1715,1095,0.11529680365296803,959.9029680365297,Haircare,Shampoo,1085.0,420.0,61.29,18.9,True,88.0,100,28.92,3,21,688.0,44.4842373198728,A,3,0.15,X,-14.1,Stable,3,925933.59,16512.0,49597.8,859823.79,52.26,3,467,1836.0,74.1,346.0,3,3.0,Protect
SKU0053,1624943.6,1571,958,0.11320459290187891,1031.343058455115,Skincare,Serum,1163.0,454.0,60.96,29.7,True,221.0,1000,25.43,2,21,621.0,46.25420045551663,A,3,0.161,X,15.3,Stable,3,907005.94,14904.0,39950.53,852151.41,52.44,3,387,1961.0,73.1,282.9,3,3.0,Protect
SKU0013,1572537.05,2468,1527,0.11669941060903732,636.8597249508841,Haircare,Hair Oil,721.0,211.0,70.74,39.1,True,438.0,100,27.35,2,14,838.0,47.96707997203284,A,3,0.129,X,1.0,Stable,3,1051021.8,20112.0,67499.8,963410.0,61.26,3,658,1344.0,72.3,475.7,3,3.0,Protect
SKU0029,1406283.2,1649,1033,0.11577928363988384,852.388770571152,Haircare,Conditioner,964.0,271.0,71.89,4.9,True,299.0,100,19.99,4,7,1099.0,49.49886816595862,A,3,0.177,X,5.3,Stable,3,958710.08,26376.0,32963.51,899370.57,63.95,3,453,1696.0,73.3,332.0,3,3.0,Protect
SKU0032,1394679.0,2402,1491,0.11871227364185111,581.6498993963783,Haircare,Hair Mask,660.0,239.0,63.79,4.6,True,125.0,50,19.4,2,21,525.0,51.01801653274293,A,3,0.106,X,7.0,Stable,3,823045.06,12600.0,46598.8,763846.26,54.77,3,640,1220.0,69.7,446.1,3,3.0,Protect
SKU0055,1365802.3,2042,1268,0.11482649842271293,670.9615141955835,Skincare,Serum,758.0,219.0,71.11,25.5,True,91.0,100,43.1,5,21,1091.0,52.50571107277345,A,3,0.133,X,-6.9,Stable,3,922905.41,26184.0,88010.2,808711.21,59.21,3,539,1374.0,73.1,394.0,3,3.0,Protect
SKU0048,1335737.2,1513,953,0.11432318992654775,880.3627492130115,Skincare,Moisturizer,994.0,475.0,52.21,36.6,True,228.0,500,33.73,4,14,1028.0,53.96065732623612,A,3,0.152,X,-9.5,Stable,3,613313.84,24672.0,51033.49,537608.35,40.25,3,397,1684.0,74.6,296.2,3,3.0,Protect
SKU0002,1327884.4,1556,988,0.11710526315789474,853.7592105263158,Haircare,Shampoo,967.0,277.0,71.35,7.3,True,336.0,100,44.44,4,14,1136.0,55.407049949584106,A,3,0.164,X,32.3,Growing,3,897437.33,27264.0,69148.64,801024.69,60.32,3,396,1611.0,73.0,289.1,3,3.0,Protect
SKU0038,1256694.4,2595,1591,0.11231929604022627,482.8983029541169,Haircare,Hair Mask,544.0,238.0,56.25,31.6,True,362.0,200,20.6,1,7,562.0,56.77589915811667,A,3,0.124,X,6.4,Stable,3,635511.1,13488.0,53457.0,568566.1,45.24,3,689,1069.0,72.1,496.8,3,3.0,Protect
SKU0021,1245034.6,1633,1054,0.11276091081593928,762.1383776091081,Haircare,Conditioner,859.0,259.0,69.85,21.1,True,242.0,200,29.88,1,14,442.0,58.13204797743635,A,3,0.205,X,-6.5,Stable,3,821624.97,10608.0,48794.04,762222.93,61.22,3,475,1486.0,74.9,355.8,3,3.0,Protect
SKU0010,1214480.0,2026,1280,0.11652343750000001,600.7640625,Haircare,Conditioner,680.0,219.0,67.79,18.9,True,516.0,100,8.31,2,45,916.0,59.45491532432564,A,3,0.146,X,-4.5,Stable,3,773453.99,21984.0,16836.06,734633.93,60.49,3,580,1264.0,75.0,435.0,3,3.0,Protect
SKU0008,1191537.5,1417,848,0.11568396226415094,840.1002358490566,Haircare,Hair Oil,950.0,400.0,57.89,4.0,True,200.0,100,20.82,2,21,600.0,60.75279264741379,A,3,0.166,X,3.6,Stable,3,623622.03,14400.0,29501.94,579720.09,48.65,3,360,1773.0,74.4,267.8,3,3.0,Protect
SKU0042,1139431.2,1780,1114,0.11602333931777378,639.9991023339318,Haircare,Conditioner,724.0,339.0,53.18,39.3,True,381.0,500,36.73,2,14,781.0,61.99391339745238,A,3,0.154,X,18.7,Stable,3,535778.4,18744.0,65379.4,451655.0,39.64,3,468,1342.0,72.4,338.8,3,3.0,Protect
SKU0031,1077869.25,2368,1494,0.11606425702811245,455.2269076305221,Haircare,Hair Mask,515.0,193.0,62.52,28.4,True,140.0,100,31.58,5,21,1140.0,63.1679780465541,A,3,0.138,X,-2.8,Stable,3,620953.32,27360.0,74781.44,518811.88,48.13,3,636,998.0,74.5,473.8,3,3.0,Protect
SKU0033,1062098.1,1661,1003,0.1152542372881356,638.7864406779662,Haircare,Shampoo,722.0,251.0,65.24,8.3,True,259.0,500,11.77,2,21,659.0,64.32486403535849,A,3,0.213,X,2.9,Stable,3,644113.28,15816.0,19549.97,608747.31,57.32,3,440,1367.0,73.0,321.2,3,3.0,Protect
SKU0045,1009885.5,1874,1182,0.11734348561759728,538.4204737732656,Haircare,Hair Mask,610.0,263.0,56.89,5.8,True,110.0,500,44.47,3,7,710.0,65.42487766427536,A,3,0.16,X,-1.3,Stable,3,516137.97,17040.0,83336.78,415761.19,41.17,3,506,1149.0,72.5,366.8,3,3.0,Protect
SKU0006,910055.7,1547,1001,0.11608391608391609,588.688111888112,Haircare,Shampoo,666.0,232.0,65.17,18.8,True,532.0,200,21.74,2,7,932.0,66.41615209397406,A,3,0.188,X,14.5,Stable,3,551796.51,22368.0,33631.78,495796.73,54.48,3,407,1228.0,74.2,302.0,3,3.0,Protect
SKU0016,904305.6,2115,1331,0.11844477836213374,426.6727272727273,Haircare,Hair Oil,484.0,232.0,52.07,35.2,True,275.0,200,29.88,3,30,875.0,67.40116325088823,A,3,0.135,X,-6.9,Stable,3,411732.82,21000.0,63196.2,327536.62,36.22,3,606,1037.0,75.1,455.1,3,3.0,Protect
SKU0005,891262.6,2528,1557,0.1178548490687219,353.7402055234425,Haircare,Hair Oil,401.0,189.0,52.87,23.6,True,589.0,50,36.14,2,45,989.0,68.3719673736763,A,3,0.157,X,28.7,Growing,3,416463.24,23736.0,91361.92,301365.32,33.81,3,679,857.0,71.3,484.1,3,3.0,Protect
SKU0051,872707.5,1874,1193,0.11299245599329423,465.6789606035205,Skincare,Sunscreen,525.0,242.0,53.9,4.4,True,418.0,100,25.68,3,21,1018.0,69.32256043007523,A,3,0.199,X,21.9,Growing,3,419174.37,24432.0,48124.32,346618.05,39.72,3,529,1056.0,73.5,388.8,3,3.0,Protect
SKU0056,870486.0,2093,1283,0.12038191738113795,415.17973499610287,Skincare,Moisturizer,472.0,156.0,66.95,7.9,True,494.0,1000,30.6,3,7,1094.0,70.27073372673246,B,2,0.169,X,9.8,Stable,3,542463.19,26256.0,64045.8,452161.39,51.94,3,556,974.0,72.8,404.8,3,2.65,Protect
SKU0037,758668.5,1803,1134,0.11759259259259258,420.9083333333333,Haircare,Hair Mask,477.0,172.0,63.94,4.9,True,138.0,100,36.6,2,14,538.0,71.09711027123173,B,2,0.19,X,-0.5,Stable,3,448781.72,12912.0,65989.8,369879.92,48.75,3,515,980.0,75.1,386.8,3,2.65,Protect
SKU0050,707840.0,1457,891,0.12098765432098765,486.0938271604938,Skincare,Serum,553.0,222.0,59.86,24.0,True,441.0,200,43.3,2,14,841.0,71.86812208107801,B,2,0.19,X,-0.7,Stable,3,384784.71,20184.0,63088.1,301512.61,42.6,3,392,1156.0,75.0,294.0,3,2.65,Protect
SKU0017,677853.7,1910,1181,0.10719729043183743,355.3354784081287,Haircare,Shampoo,398.0,124.0,68.84,29.4,True,141.0,100,9.7,4,14,941.0,72.60647143693245,B,2,0.169,X,12.8,Stable,3,441850.76,22584.0,18527.0,400739.76,59.12,3,533,937.0,75.8,404.0,3,2.65,Protect
SKU0034,640956.3,1903,1174,0.1160136286201022,336.7988074957411,Haircare,Hair Mask,381.0,121.0,68.24,32.1,True,388.0,200,30.39,4,30,1188.0,73.30463045153374,B,2,0.18,X,2.6,Stable,3,410665.13,28512.0,57832.17,324320.96,50.6,3,516,803.0,73.1,377.2,3,2.65,Protect
SKU0039,516000.0,1468,917,0.12061068702290076,351.7557251908397,Haircare,Hair Mask,400.0,136.0,66.0,4.9,True,517.0,200,25.18,1,30,717.0,73.86668133009482,B,2,0.236,X,-16.7,Stable,3,316729.4,17208.0,36964.24,262557.16,50.88,3,414,933.0,70.0,289.8,3,2.65,Protect
SKU0046,481322.10000000003,1856,1165,0.1165236051502146,259.7420600858369,Haircare,Shampoo,294.0,95.0,67.69,18.8,True,232.0,500,26.91,2,14,632.0,74.39095944865271,B,2,0.167,X,-11.6,Stable,3,305761.26,15168.0,49944.96,240648.3,50.0,3,529,690.0,74.1,392.0,3,2.65,Protect
SKU0028,454078.0,1444,929,0.1193756727664155,313.50226049515607,Haircare,Hair Mask,356.0,116.0,67.42,23.7,True,432.0,200,19.74,2,30,832.0,74.88556204329468,B,2,0.197,X,-3.7,Stable,3,285193.26,19968.0,28504.56,236720.7,52.13,3,413,730.0,71.4,294.9,3,2.65,Protect
SKU0052,436659.2,1926,1203,0.11467165419783873,226.64405652535328,Skincare,Moisturizer,256.0,89.0,65.23,9.8,True,139.0,1000,17.59,3,14,739.0,75.36119128165085,B,2,0.159,X,1.8,Stable,3,265102.45,17736.0,33878.34,213488.11,48.89,3,497,698.0,73.4,364.8,3,2.65,Protect
SKU0001,425894.0,2076,1290,0.1154263565891473,205.22108527131783,Haircare,Shampoo,232.0,78.0,66.38,16.0,True,510.0,100,9.79,2,14,910.0,75.82509457016616,B,2,0.142,X,-11.5,Stable,3,264110.97,21840.0,20324.04,221946.93,52.11,3,571,736.0,74.4,424.8,3,2.65,Protect
SKU0030,379100.25,1478,948,0.11787974683544304,256.69699367088606,Haircare,Hair Oil,291.0,95.0,67.35,33.6,True,360.0,50,14.41,5,7,1360.0,76.23802795887784,B,2,0.219,X,5.6,Stable,3,238988.16,32640.0,21297.98,185050.18,48.81,3,398,676.0,72.4,288.2,3,2.65,Protect
SKU0024,362721.2,1496,922,0.11518438177874187,242.43947939262475,Haircare,Conditioner,274.0,125.0,54.38,6.3,True,529.0,50,18.84,2,7,929.0,76.63312053471647,B,2,0.205,X,0.7,Stable,3,175689.46,22296.0,28184.64,125208.82,34.52,3,399,679.0,70.9,282.9,3,2.65,Protect
SKU0041,338615.55,1401,882,0.11428571428571428,241.8,Haircare,Conditioner,273.0,104.0,61.9,13.5,True,200.0,100,20.61,2,45,600.0,77.00195613039854,B,2,0.187,X,9.4,Stable,3,193057.8,14400.0,28874.61,149783.19,44.23,3,377,754.0,74.0,279.0,3,2.65,Protect
SKU0192,326271.15,244,149,0.11006711409395972,1332.2295302013424,Oral Care,Toothpaste,1497.0,673.0,55.04,29.7,True,251.0,500,35.31,2,45,651.0,77.35734563913233,B,2,0.494,X,-24.5,Declining,3,160852.01,15624.0,8615.64,136612.37,41.87,3,54,2493.0,79.6,43.0,3,2.65,Accelerate
SKU0269,297083.75,247,158,0.11234177215189874,1202.7768987341772,Baby Care,Baby Lotion,1355.0,581.0,57.12,27.0,True,437.0,1000,18.42,3,30,1037.0,77.68094289241475,B,2,0.456,X,-22.6,Declining,3,153578.89,24888.0,4549.74,124141.15,41.79,3,73,2091.0,84.9,62.0,3,2.65,Accelerate
SKU0274,282933.0,217,130,0.1346153846153846,1295.4807692307693,Baby Care,Baby Oil,1497.0,501.0,66.53,4.8,True,89.0,200,22.78,5,14,1089.0,77.98912649943786,B,2,0.431,X,3.7,Stable,3,172402.33,26136.0,4943.26,141323.07,49.95,3,55,2742.0,81.8,45.0,3,2.65,Accelerate
SKU0115,280075.2,243,152,0.1319078947368421,1152.8263157894737,Nutrition,Supplements,1328.0,502.0,62.2,1.8,True,441.0,200,37.85,3,30,1041.0,78.29419725956028,B,2,0.459,X,-6.6,Stable,3,158150.79,24984.0,9197.55,123969.24,44.26,3,65,2110.0,78.5,51.0,3,2.65,Accelerate
SKU0260,277220.6,216,139,0.11906474820143885,1291.4510791366906,Baby Care,Baby Oil,1466.0,430.0,70.67,36.4,True,292.0,200,31.06,2,14,692.0,78.59615865836888,B,2,0.588,Y,-35.0,Declining,2,186073.43,16608.0,6708.96,162756.47,58.71,3,58,2145.0,87.9,51.0,3,2.45,Watch
SKU0089,270968.1,230,154,0.1077922077922078,1183.0675324675324,Skincare,Serum,1326.0,419.0,68.4,18.5,True,573.0,200,37.54,1,30,773.0,78.89130954725846,B,2,0.489,X,-12.6,Stable,3,175735.53,18552.0,8634.2,148549.33,54.82,3,64,1969.0,67.2,43.0,3,2.65,Accelerate
SKU0243,265944.3,266,163,0.1196319018404908,1000.9785276073619,Baby Care,Baby Wash,1137.0,328.0,71.15,25.5,True,148.0,200,37.62,2,30,548.0,79.18098828265248,B,2,0.399,X,17.4,Stable,3,179012.29,13152.0,10006.92,155853.37,58.6,3,62,1973.0,80.6,50.0,3,2.65,Accelerate
SKU0084,265422.95,226,144,0.10868055555555556,1170.3024305555555,Skincare,Face Wash,1313.0,569.0,56.66,26.6,True,230.0,50,33.0,3,21,830.0,79.47009913970243,B,2,0.433,X,12.4,Stable,3,135894.35,19920.0,7458.0,108516.35,40.88,3,67,2180.0,74.6,50.0,3,2.65,Accelerate
SKU0141,262548.0,206,129,0.10852713178294573,1274.8062015503876,Nutrition,Vitamins,1430.0,586.0,59.02,11.3,True,548.0,100,43.41,3,21,1148.0,79.7560784692847,B,2,0.523,Y,45.7,Growing,2,141894.08,27552.0,8942.46,105399.62,40.14,3,50,2157.0,72.0,36.0,2,2.3,Watch
SKU0182,258908.1,201,124,0.12338709677419356,1292.1274193548386,Body Care,Body Lotion,1474.0,521.0,64.65,25.1,True,464.0,200,25.6,3,30,1064.0,80.03809305275676,B,2,0.492,X,7.8,Stable,3,154996.61,25536.0,5145.6,124315.01,48.02,3,58,2388.0,77.6,45.0,3,2.65,Accelerate
SKU0057,241798.25,190,131,0.12862595419847328,1276.5629770992366,Skincare,Sunscreen,1465.0,630.0,57.0,16.9,True,546.0,100,38.36,2,14,946.0,80.30147080246032,B,2,0.578,Y,-7.5,Stable,2,122846.97,22704.0,7288.4,92854.57,38.4,3,65,2067.0,80.0,52.0,3,2.45,Watch
SKU0126,232403.25,257,163,0.1285276073619632,907.2027607361963,Nutrition,Protein Powder,1041.0,481.0,53.79,10.5,True,292.0,1000,16.81,2,14,692.0,80.55461508703968,B,2,0.446,X,-6.3,Stable,3,109534.11,16608.0,4320.17,88605.94,38.13,3,72,1676.0,80.6,58.0,3,2.65,Accelerate
SKU0224,229097.0,218,134,0.10858208955223882,1051.8731343283582,Oral Care,Mouthwash,1180.0,510.0,56.78,31.2,True,304.0,100,28.12,4,14,1104.0,80.80415805239959,B,2,0.607,Y,1.0,Stable,2,118128.34,26496.0,6130.16,85502.18,37.32,3,60,1970.0,75.0,45.0,3,2.45,Watch
SKU0079,223314.0,183,105,0.10809523809523809,1217.45,Skincare,Sunscreen,1365.0,585.0,57.14,32.9,True,273.0,200,22.28,1,30,473.0,81.04740190878522,B,2,0.422,X,19.1,Stable,3,115738.35,11352.0,4077.24,100309.11,44.92,3,48,2607.0,72.9,35.0,2,2.5,Accelerate
SKU0209,217104.6,253,151,0.12251655629139073,854.6688741721854,Oral Care,Tooth Serum,974.0,445.0,54.31,11.4,True,563.0,500,43.67,3,7,1163.0,81.28388220174966,B,2,0.351,X,-37.6,Declining,3,103646.23,27912.0,11048.51,64685.72,29.79,2,71,2110.0,74.6,53.0,3,2.35,Watch
SKU0176,217048.5,237,149,0.11275167785234899,923.6255033557047,Body Care,Body Lotion,1041.0,424.0,59.27,32.2,True,331.0,200,24.4,5,21,1331.0,81.52030138801976,B,2,0.477,X,32.5,Growing,3,118411.24,31944.0,5782.8,80684.44,37.17,3,54,1673.0,63.0,34.0,2,2.5,Accelerate
SKU0134,214584.9,220,149,0.11275167785234899,976.8604026845638,Nutrition,Vitamins,1101.0,372.0,66.21,27.9,True,353.0,200,37.77,5,14,1353.0,81.7540371081185,B,2,0.344,X,-34.0,Declining,3,133069.29,32472.0,8309.4,92287.89,43.01,3,64,1831.0,68.8,44.0,3,2.65,Accelerate
SKU0097,214488.15,253,155,0.12774193548387097,845.2180645161291,Nutrition,Protein Powder,969.0,432.0,55.42,17.3,True,578.0,100,33.18,3,7,1178.0,81.9876674436775,B,2,0.381,X,-3.0,Stable,3,104544.17,28272.0,8394.54,67877.63,31.65,3,68,1624.0,73.5,50.0,3,2.65,Accelerate
SKU0222,211309.75,207,124,0.11330645161290323,1015.2641129032259,Oral Care,Mouthwash,1145.0,508.0,55.63,10.9,True,104.0,100,8.65,5,21,1104.0,82.21783572010389,B,2,0.439,X,5.2,Stable,3,105003.67,26496.0,1790.55,76717.12,36.31,3,53,1914.0,69.8,37.0,2,2.5,Accelerate
SKU0163,207997.3,156,92,0.11195652173913044,1330.2891304347827,Body Care,Body Lotion,1498.0,675.0,54.94,8.1,True,583.0,100,44.04,2,30,983.0,82.44439592398632,B,2,0.672,Y,127.6,Growing,2,102225.1,23592.0,6870.24,71762.86,34.5,3,37,2361.0,73.0,27.0,2,2.3,Watch
SKU0210,203766.25,216,136,0.12316176470588236,942.6011029411765,Oral Care,Toothpaste,1075.0,360.0,66.51,29.5,True,253.0,1000,12.2,5,7,1253.0,82.66634747405143,B,2,0.383,X,6.4,Stable,3,125841.84,30072.0,2635.2,93134.64,45.71,3,52,2017.0,73.1,38.0,2,2.5,Accelerate
SKU0078,201118.5,160,111,0.12747747747747748,1251.1972972972972,Skincare,Moisturizer,1434.0,657.0,54.18,34.9,True,520.0,500,37.44,2,7,920.0,82.88541497331478,B,2,0.418,X,80.0,Growing,3,95071.57,22080.0,5990.4,67001.17,33.31,3,47,2146.0,72.3,34.0,2,2.5,Accelerate
SKU0196,196825.75,216,129,0.12829457364341085,910.9321705426356,Oral Care,Tooth Serum,1045.0,453.0,56.65,15.4,True,85.0,500,26.99,4,30,885.0,83.0998066122895,B,2,0.472,X,5.5,Stable,3,98913.35,21240.0,5829.84,71843.51,36.5,3,64,1768.0,68.8,44.0,3,2.65,Accelerate
SKU0107,192666.25,191,116,0.11120689655172414,1008.7801724137931,Nutrition,Protein Powder,1135.0,429.0,62.2,17.1,True,421.0,500,8.73,5,30,1421.0,83.3096675329902,B,2,0.63,Y,-1.7,Stable,2,110738.01,34104.0,1667.43,74966.58,38.91,3,52,1985.0,84.6,44.0,3,2.45,Watch
SKU0214,191852.4,180,112,0.10491071428571429,1066.9464285714287,Oral Care,Toothpaste,1192.0,403.0,66.19,9.0,True,312.0,200,15.23,2,30,712.0,83.51864197092442,B,2,0.488,X,-13.9,Stable,3,119510.36,17088.0,2741.4,99680.96,51.96,3,44,1884.0,79.5,35.0,2,2.5,Accelerate
SKU0238,191331.85,204,126,0.10317460317460317,931.8015873015873,Baby Care,Baby Wash,1039.0,379.0,63.52,25.3,True,293.0,100,40.96,4,14,1093.0,83.72704940191127,B,2,0.505,Y,9.6,Stable,2,112771.52,26232.0,8355.84,78183.68,40.86,3,58,1944.0,74.1,43.0,3,2.45,Watch
SKU0262,189350.7,183,115,0.11913043478260871,1031.4982608695652,Baby Care,Baby Lotion,1171.0,412.0,64.82,5.5,True,297.0,100,34.71,2,7,697.0,83.93329887340577,B,2,0.585,Y,-30.9,Declining,2,113368.18,16728.0,6351.93,90288.25,47.68,3,50,2172.0,76.0,38.0,2,2.3,Watch
SKU0239,188403.2,150,97,0.12474226804123711,1256.8701030927834,Baby Care,Baby Wash,1436.0,500.0,65.18,33.7,True,159.0,100,12.89,5,7,1159.0,84.13851628442075,B,2,0.597,Y,-1.4,Stable,2,113530.52,27816.0,1933.5,83781.02,44.47,3,38,2434.0,60.5,23.0,2,2.3,Watch
SKU0067,178744.35,203,131,0.1232824427480916,884.6080152671756,Skincare,Moisturizer,1009.0,416.0,58.77,9.4,True,412.0,100,18.61,2,14,812.0,84.33321283278377,B,2,0.499,X,73.2,Growing,3,95127.43,19488.0,3777.83,71861.6,40.2,3,58,1536.0,65.5,38.0,2,2.5,Accelerate
SKU0127,176599.5,201,133,0.09473684210526316,880.8210526315789,Nutrition,Vitamins,973.0,433.0,55.5,20.4,True,147.0,500,41.62,2,14,547.0,84.52557311210248,B,2,0.52,Y,-26.0,Declining,2,90012.03,13128.0,8365.62,68518.41,38.8,3,68,1596.0,75.0,51.0,3,2.45,Watch
SKU0270,174850.9,181,114,0.12149122807017544,965.4811403508772,Baby Care,Baby Lotion,1099.0,388.0,64.7,35.9,True,267.0,200,22.89,4,21,1067.0,84.71602873606024,B,2,0.685,Y,-42.4,Declining,2,104524.09,25608.0,4143.09,74773.0,42.76,3,60,1876.0,65.0,39.0,2,2.3,Watch
SKU0093,174795.0,151,106,0.10518867924528302,1154.3066037735848,Skincare,Serum,1290.0,522.0,59.53,17.0,True,220.0,100,14.28,4,30,1020.0,84.9064234711728,B,2,0.613,Y,-36.2,Declining,2,95478.3,24480.0,2156.28,68842.02,39.38,3,49,2196.0,71.4,35.0,2,2.3,Watch
SKU0065,171185.0,274,164,0.11158536585365854,621.890243902439,Skincare,Face Wash,700.0,277.0,60.43,18.1,True,513.0,100,15.61,3,14,1113.0,85.09288602862722,B,2,0.479,X,0.3,Stable,3,94499.93,26712.0,4277.14,63510.79,37.1,3,67,1430.0,71.6,48.0,3,2.65,Accelerate
SKU0250,169339.6,149,99,0.1191919191919192,1126.5535353535354,Baby Care,Baby Wash,1279.0,382.0,70.13,15.9,True,505.0,500,33.66,1,7,705.0,85.27733849171865,B,2,0.611,Y,31.3,Growing,2,110938.48,16920.0,5015.34,89003.14,52.56,3,42,2023.0,78.6,33.0,2,2.3,Watch
SKU0171,168363.0,163,108,0.11574074074074074,1034.5833333333333,Body Care,Body Wash,1170.0,407.0,65.21,8.7,True,558.0,50,29.49,4,7,1358.0,85.4607271972752,B,2,0.538,Y,-9.2,Stable,2,102296.08,32592.0,4806.87,64897.21,38.55,3,55,2009.0,78.2,43.0,3,2.45,Watch
SKU0168,167626.8,151,91,0.09615384615384616,1106.3076923076924,Body Care,Body Wash,1224.0,351.0,71.32,25.5,True,589.0,100,10.25,5,21,1589.0,85.6433140000085,B,2,0.394,X,21.9,Growing,3,114051.46,38136.0,1547.75,74367.71,44.37,3,40,2059.0,75.0,30.0,2,2.5,Accelerate
SKU0263,166551.0,162,98,0.1153061224489796,1021.8214285714286,Baby Care,Baby Oil,1155.0,400.0,65.37,3.9,True,371.0,500,18.3,2,30,771.0,85.82472899201476,B,2,0.554,Y,7.8,Stable,2,100735.07,18504.0,2964.6,79266.47,47.59,3,38,2025.0,84.2,32.0,2,2.3,Watch
SKU0273,162756.0,169,99,0.1191919191919192,965.3656565656565,Baby Care,Baby Wash,1096.0,384.0,64.96,3.8,True,378.0,500,39.03,2,21,778.0,86.00201029587346,B,2,0.593,Y,-16.4,Stable,2,98250.8,18672.0,6596.07,72982.73,44.84,3,45,2025.0,77.8,35.0,2,2.3,Watch
SKU0267,162681.75,124,81,0.11296296296296297,1317.25,Baby Care,Baby Lotion,1485.0,577.0,61.14,18.0,True,313.0,500,21.49,3,30,913.0,86.17921072322491,B,2,0.436,X,5.9,Stable,3,91791.0,21912.0,2664.76,67214.24,41.32,3,36,2100.0,77.8,28.0,2,2.5,Accelerate
SKU0246,162436.7,231,138,0.11920289855072463,703.756884057971,Baby Care,Baby Lotion,799.0,269.0,66.33,26.7,True,590.0,200,21.25,4,14,1390.0,86.35614423087137,B,2,0.472,X,36.3,Growing,3,100428.84,33360.0,4908.75,62160.09,38.27,3,55,1571.0,81.8,45.0,3,2.65,Accelerate
SKU0098,162239.0,187,109,0.11192660550458715,870.3119266055046,Nutrition,Supplements,980.0,298.0,69.59,39.1,True,440.0,200,15.12,2,21,840.0,86.53286239460562,B,2,0.567,Y,-25.3,Declining,2,107022.33,20160.0,2827.44,84034.89,51.8,3,53,1790.0,81.1,43.0,3,2.45,Watch
SKU0221,161941.95,210,126,0.10873015873015873,769.165873015873,Oral Care,Toothpaste,863.0,261.0,69.76,35.3,True,581.0,200,21.42,3,21,1181.0,86.70925699784864,B,2,0.443,X,-13.3,Stable,3,106714.83,28344.0,4498.2,73872.63,45.62,3,54,1778.0,85.2,46.0,3,2.65,Accelerate
SKU0183,160817.4,123,75,0.10933333333333332,1298.5919999999999,Body Care,Body Lotion,1458.0,685.0,53.02,31.6,True,392.0,500,19.77,2,45,792.0,86.88442668962753,B,2,0.704,Y,23.0,Growing,2,75471.82,19008.0,2431.71,54032.11,33.6,3,27,3012.0,92.6,25.0,2,2.3,Watch
SKU0086,160628.4,217,146,0.10719178082191781,744.6020547945205,Skincare,Serum,834.0,279.0,66.55,33.6,True,589.0,200,38.98,4,30,1389.0,87.05939051393348,B,2,0.437,X,-19.5,Stable,3,101035.65,33336.0,8458.66,59240.99,36.88,3,67,1188.0,68.7,46.0,3,2.65,Accelerate
SKU0190,156126.3,227,137,0.11496350364963503,692.0985401459855,Oral Care,Mouthwash,782.0,276.0,64.71,8.3,True,540.0,200,19.56,2,21,940.0,87.22945044432396,B,2,0.386,X,-3.2,Stable,3,94454.37,22560.0,4440.12,67454.25,43.2,3,55,1435.0,76.4,42.0,2,2.5,Accelerate
SKU0152,151485.25,210,136,0.11323529411764706,717.3926470588235,Body Care,Body Lotion,809.0,383.0,52.66,23.8,True,156.0,200,12.84,1,14,356.0,87.39445513008278,B,2,0.507,Y,-21.2,Declining,2,70222.46,8544.0,2696.4,58982.06,38.94,3,62,1378.0,74.2,46.0,3,2.45,Watch
SKU0077,144559.2,117,80,0.103125,1248.45,Skincare,Serum,1392.0,424.0,69.54,10.0,True,311.0,200,17.52,2,45,711.0,87.55191564435427,B,2,0.474,X,-14.5,Stable,3,96460.65,17064.0,2049.84,77346.81,53.51,3,37,2326.0,83.8,31.0,2,2.5,Accelerate
SKU0247,144195.35,129,79,0.11835443037974683,1111.755063291139,Baby Care,Baby Wash,1261.0,555.0,55.99,10.3,True,570.0,200,8.76,4,14,1370.0,87.70897983650914,B,2,0.536,Y,-18.8,Stable,2,71821.4,32880.0,1130.04,37811.36,26.22,2,34,1982.0,73.5,25.0,2,2.0,Watch
SKU0187,143213.95,181,112,0.11875000000000001,794.00625,Body Care,Body Lotion,901.0,396.0,56.05,8.4,True,341.0,100,11.0,4,21,1141.0,87.8649750427489,B,2,0.55,Y,13.3,Stable,2,72039.13,27384.0,1991.0,42664.13,29.79,2,51,1605.0,70.6,36.0,2,2.0,Watch
SKU0241,142753.2,120,76,0.125,1179.5,Baby Care,Baby Oil,1348.0,388.0,71.22,23.6,True,312.0,200,12.78,3,14,912.0,88.02046837894541,B,2,0.587,Y,86.2,Growing,2,94980.0,21888.0,1533.6,71558.4,50.13,3,27,2125.0,77.8,21.0,1,2.15,Watch
SKU0251,138707.1,215,132,0.11780303030303031,651.0613636363637,Baby Care,Baby Wash,738.0,265.0,64.09,26.1,True,108.0,50,18.23,2,14,508.0,88.17155451735174,B,2,0.508,Y,-31.1,Declining,2,83003.19,12192.0,3919.45,66891.74,48.23,3,63,1352.0,77.8,49.0,3,2.45,Watch
SKU0082,136612.0,219,144,0.10486111111111111,623.9118055555556,Skincare,Serum,697.0,216.0,69.01,15.4,True,321.0,200,11.84,1,21,521.0,88.32035857669666,B,2,0.416,X,7.5,Stable,3,89332.69,12504.0,2592.96,74235.73,54.34,3,59,1291.0,69.5,41.0,2,2.5,Accelerate
SKU0235,134476.4,140,92,0.11413043478260869,957.625,Oral Care,Tooth Serum,1081.0,364.0,66.33,11.1,True,245.0,100,16.69,2,30,645.0,88.46683644252174,B,2,0.665,Y,-30.1,Declining,2,83107.5,15480.0,2336.6,65290.9,48.55,3,37,1714.0,78.4,29.0,2,2.3,Watch
SKU0068,133196.7,143,79,0.12531645569620253,932.4126582278482,Skincare,Moisturizer,1066.0,368.0,65.48,20.9,True,291.0,200,23.56,2,21,691.0,88.61192040038306,B,2,0.665,Y,-24.6,Declining,2,80711.01,16584.0,3369.08,60757.93,45.62,3,34,1871.0,76.5,26.0,2,2.3,Watch
SKU0103,131634.0,245,146,0.1202054794520548,543.7130136986302,Nutrition,Vitamins,618.0,203.0,67.15,6.8,True,85.0,100,33.46,4,21,885.0,88.75530219369412,B,2,0.407,X,21.4,Growing,3,83474.69,21240.0,8197.7,54036.99,41.05,3,67,1089.0,73.1,49.0,3,2.65,Accelerate
SKU0259,131567.1,223,136,0.10625,588.0875,Baby Care,Baby Oil,658.0,259.0,60.64,13.6,True,296.0,100,36.56,3,14,896.0,88.89861111645523,B,2,0.476,X,-36.6,Declining,3,73386.51,21504.0,8152.88,43729.63,33.24,3,60,1271.0,80.0,48.0,3,2.65,Accelerate
SKU0094,128358.59999999999,177,108,0.10925925925925926,716.1555555555556,Skincare,Serum,804.0,266.0,66.92,25.8,True,93.0,500,15.73,4,7,893.0,89.03842519378249,B,2,0.537,Y,-27.4,Declining,2,79677.53,21432.0,2784.21,55461.32,43.21,3,57,1496.0,73.7,42.0,2,2.3,Watch
SKU0278,128001.2,187,115,0.1191304347826087,683.5547826086956,Baby Care,Baby Lotion,776.0,229.0,70.49,10.2,True,420.0,100,18.41,2,45,820.0,89.17784997462915,B,2,0.435,X,-29.8,Declining,3,85001.74,19680.0,3442.67,61879.07,48.34,3,53,1377.0,86.8,46.0,3,2.65,Accelerate
SKU0072,127629.6,255,160,0.1125,504.1,Skincare,Face Wash,568.0,234.0,58.8,23.5,True,457.0,100,20.13,2,14,857.0,89.31686999170356,B,2,0.524,Y,-42.2,Declining,2,68875.5,20568.0,5133.15,43174.35,33.83,3,65,1060.0,73.8,48.0,3,2.45,Watch
SKU0245,126498.0,96,63,0.0992063492063492,1309.7539682539682,Baby Care,Baby Lotion,1454.0,635.0,56.33,14.0,True,386.0,50,24.11,2,21,786.0,89.45465741813035,B,2,0.757,Y,-53.2,Declining,2,64776.38,18864.0,2314.56,43597.82,34.47,3,25,2502.0,64.0,16.0,1,2.15,Watch
SKU0133,126363.0,194,123,0.11585365853658537,645.4268292682926,Nutrition,Vitamins,730.0,251.0,65.62,8.0,True,227.0,200,39.4,2,14,627.0,89.59229779636216,B,2,0.542,Y,47.4,Growing,2,76518.8,15048.0,7643.6,53827.2,42.6,3,46,1610.0,76.1,35.0,2,2.3,Watch
SKU0145,126093.6,113,70,0.11928571428571429,1114.9842857142855,Body Care,Body Wash,1266.0,426.0,66.35,21.1,True,419.0,100,39.82,1,7,619.0,89.72964473175156,B,2,0.609,Y,-36.8,Declining,2,77855.22,14856.0,4499.66,58499.56,46.39,3,37,2173.0,83.8,31.0,2,2.3,Watch
SKU0193,123896.3,102,56,0.11964285714285715,1216.6535714285715,Oral Care,Tooth Serum,1382.0,407.0,70.55,6.4,True,500.0,200,41.28,4,21,1300.0,89.86459826714974,B,2,0.542,Y,43.5,Growing,2,82584.66,31200.0,4210.56,47174.1,38.08,3,19,2167.0,63.2,12.0,1,2.15,Watch
SKU0138,123778.2,258,173,0.12167630057803469,479.564739884393,Nutrition,Protein Powder,546.0,167.0,69.41,20.3,True,340.0,200,20.49,2,21,740.0,89.9994231626085,B,2,0.51,Y,-17.2,Stable,2,80641.7,17760.0,5286.42,57595.28,46.53,3,73,1117.0,79.5,58.0,3,2.45,Watch
SKU0151,123090.2,160,105,0.1257142857142857,771.9942857142856,Body Care,Body Lotion,883.0,328.0,62.85,10.7,True,87.0,500,39.09,2,14,487.0,90.13349865689581,C,1,0.491,X,131.4,Growing,3,71039.09,11688.0,6254.4,53096.69,43.14,3,47,1403.0,66.0,31.0,2,2.15,Watch
SKU0159,122119.25,104,68,0.11029411764705882,1184.1985294117646,Body Care,Scrub,1331.0,538.0,59.58,17.2,True,595.0,100,23.83,2,21,995.0,90.26651654788753,C,1,0.723,Y,28.2,Growing,2,67204.65,23880.0,2478.32,40846.33,33.45,3,29,1929.0,69.0,20.0,1,1.8,Watch
SKU0212,121504.40000000001,127,78,0.12179487179487179,949.3397435897435,Oral Care,Mouthwash,1081.0,431.0,60.13,36.4,True,366.0,500,25.12,5,14,1366.0,90.39886471604459,C,1,0.563,Y,-6.8,Stable,2,65829.15,32784.0,3190.24,29854.91,24.57,2,35,2015.0,62.9,22.0,1,1.5,Watch
SKU0242,119388.75,137,92,0.10869565217391304,869.0217391304348,Baby Care,Baby Wash,975.0,303.0,68.92,13.1,True,345.0,500,32.72,4,14,1145.0,90.52890842113725,C,1,0.512,Y,11.3,Stable,2,77544.98,27480.0,4482.64,45582.34,38.18,3,29,1553.0,69.0,20.0,1,1.8,Watch
SKU0256,118767.0,226,143,0.10804195804195806,526.2552447552448,Baby Care,Baby Wash,590.0,171.0,71.02,29.2,True,281.0,50,14.2,3,7,881.0,90.65827488759861,C,1,0.56,Y,-21.9,Declining,2,80287.69,21144.0,3209.2,55934.49,47.1,3,62,1226.0,62.9,39.0,2,1.95,Watch
SKU0074,117265.75,172,103,0.13592233009708737,683.4854368932039,Skincare,Face Wash,791.0,362.0,54.24,14.1,True,93.0,100,18.14,5,21,1093.0,90.78600612366958,C,1,0.65,Y,18.8,Stable,2,55295.5,26232.0,3120.08,25943.42,22.12,2,46,1448.0,76.1,35.0,2,1.65,Watch
SKU0200,114466.3,141,85,0.12,811.36,Oral Care,Toothpaste,922.0,366.0,60.3,38.8,True,164.0,100,18.41,1,7,364.0,90.91068807033749,C,1,0.571,Y,25.5,Growing,2,62795.76,8736.0,2595.81,51463.95,44.96,3,33,1781.0,75.8,25.0,2,1.95,Watch
SKU0117,113549.4,103,63,0.13333333333333333,1098.9333333333334,Nutrition,Protein Powder,1268.0,457.0,63.96,5.9,True,196.0,200,43.95,2,45,596.0,91.03437128745006,C,1,0.701,Y,52.7,Growing,2,66119.13,14304.0,4526.85,47288.28,41.65,3,24,1803.0,58.3,14.0,1,1.8,Watch
SKU0135,113088.5,164,107,0.1308411214953271,686.6355140186915,Nutrition,Protein Powder,790.0,271.0,65.7,22.7,True,333.0,100,33.93,3,14,933.0,91.15755247113253,C,1,0.574,Y,-16.8,Stable,2,68164.22,22392.0,5564.52,40207.7,35.55,3,43,1513.0,74.4,32.0,2,1.95,Watch
SKU0195,112814.1,144,90,0.11888888888888888,783.3077777777778,Oral Care,Tooth Serum,889.0,330.0,62.88,29.9,True,274.0,100,32.47,3,14,874.0,91.28043476574315,C,1,0.542,Y,37.3,Growing,2,65276.32,20976.0,4675.68,39624.64,35.12,3,42,1479.0,85.7,36.0,2,1.95,Watch
SKU0166,110440.5,102,62,0.09758064516129032,1089.2201612903225,Body Care,Body Wash,1207.0,394.0,67.36,24.7,True,169.0,100,33.92,1,21,369.0,91.40073162631238,C,1,0.513,Y,10.4,Stable,2,70912.46,8856.0,3459.84,58596.62,53.06,3,31,2134.0,80.6,25.0,2,1.95,Watch
SKU0104,110273.75,106,67,0.11865671641791045,1035.5783582089553,Nutrition,Protein Powder,1175.0,463.0,60.6,26.5,True,94.0,50,42.49,4,14,894.0,91.52084685512968,C,1,0.54,Y,-25.6,Declining,2,60693.31,21456.0,4503.94,34733.37,31.5,3,23,1935.0,82.6,19.0,1,1.8,Watch
SKU0119,109909.8,133,85,0.10705882352941176,825.0776470588236,Nutrition,Protein Powder,924.0,336.0,63.64,16.2,True,179.0,100,32.44,4,14,979.0,91.64056565290578,C,1,0.505,Y,-3.3,Stable,2,65047.33,23496.0,4314.52,37236.81,33.88,3,28,1449.0,67.9,19.0,1,1.8,Watch
SKU0169,108700.8,200,128,0.125390625,545.75625,Body Care,Body Wash,624.0,227.0,63.62,14.5,True,368.0,100,17.22,1,30,568.0,91.75896755240247,C,1,0.484,X,16.2,Stable,3,63751.25,13632.0,3444.0,46675.25,42.94,3,49,1264.0,71.4,35.0,2,2.15,Watch
SKU0099,107994.6,160,93,0.11505376344086021,669.0193548387097,Nutrition,Supplements,756.0,268.0,64.55,35.0,True,414.0,200,16.4,2,14,814.0,91.87660022645257,C,1,0.573,Y,-56.6,Declining,2,64163.1,19536.0,2624.0,42003.1,38.89,3,49,1483.0,73.5,36.0,2,1.95,Watch
SKU0113,107280.8,206,131,0.11450381679389313,517.1297709923664,Nutrition,Protein Powder,584.0,206.0,64.73,21.3,True,541.0,500,32.23,2,30,941.0,91.99345539678733,C,1,0.558,Y,-1.7,Stable,2,64092.73,22584.0,6639.38,34869.35,32.5,3,58,1299.0,74.1,43.0,3,2.1,Watch
SKU0237,107045.6,130,80,0.109375,824.71875,Baby Care,Baby Lotion,926.0,378.0,59.18,23.1,True,481.0,50,30.86,2,14,881.0,92.11005437648906,C,1,0.458,X,-4.2,Stable,3,58073.44,21144.0,4011.8,32917.64,30.75,3,33,1887.0,81.8,27.0,2,2.15,Watch
SKU0202,105742.0,126,78,0.1391025641025641,843.6794871794872,Oral Care,Mouthwash,980.0,343.0,65.0,35.1,True,490.0,200,27.64,2,21,890.0,92.22523341525032,C,1,0.59,Y,7.0,Stable,2,63085.62,21360.0,3482.64,38242.98,36.17,3,37,1615.0,67.6,25.0,2,1.95,Watch
SKU0143,105477.4,129,79,0.1120253164556962,813.3848101265824,Body Care,Body Wash,916.0,327.0,64.3,35.2,True,457.0,1000,35.76,2,7,857.0,92.34012423954943,C,1,0.494,X,-32.4,Declining,3,62743.64,20568.0,4613.04,37562.6,35.61,3,32,1570.0,75.0,24.0,2,2.15,Watch
SKU0154,105255.7,103,65,0.10384615384615385,1015.3423076923077,Body Care,Scrub,1133.0,489.0,56.84,37.4,True,451.0,200,41.04,4,30,1251.0,92.45477357803502,C,1,0.534,Y,16.3,Stable,2,54213.26,30024.0,4227.12,19962.14,18.97,2,29,1985.0,79.3,23.0,2,1.65,Watch
SKU0175,104479.6,111,71,0.1147887323943662,952.4873239436621,Body Care,Body Lotion,1076.0,403.0,62.55,38.7,True,440.0,200,42.98,2,21,840.0,92.5685775527864,C,1,0.577,Y,39.5,Growing,2,60993.09,20160.0,4770.78,36062.31,34.52,3,28,1877.0,78.6,22.0,1,1.8,Watch
SKU0109,104447.7,112,69,0.11811594202898551,936.5608695652173,Nutrition,Vitamins,1062.0,376.0,64.6,38.2,True,211.0,200,22.04,3,14,811.0,92.68234678059393,C,1,0.563,Y,11.5,Stable,2,62782.82,19464.0,2468.48,40850.34,39.11,3,33,2118.0,72.7,24.0,2,1.95,Watch
SKU0186,104103.8,191,117,0.12222222222222223,549.4888888888889,Body Care,Body Lotion,626.0,194.0,69.01,1.1,True,350.0,100,34.88,2,21,750.0,92.79574141674033,C,1,0.466,X,-13.9,Stable,3,67898.38,18000.0,6662.08,43236.3,41.53,3,45,1287.0,86.7,39.0,2,2.15,Watch
SKU0090,101493.59999999999,186,119,0.12016806722689076,549.0151260504201,Skincare,Sunscreen,624.0,270.0,56.73,26.5,True,330.0,50,21.03,4,14,1130.0,92.9062929032681,C,1,0.561,Y,12.6,Stable,2,51896.81,27120.0,3911.58,20865.23,20.56,2,55,966.0,78.2,43.0,3,1.8,Watch
SKU0148,100437.7,162,101,0.11287128712871287,618.328712871287,Body Care,Scrub,697.0,314.0,54.95,28.6,True,337.0,50,37.23,4,14,1137.0,93.015694255062,C,1,0.691,Y,-57.2,Declining,2,49301.25,27288.0,6031.26,15981.99,15.91,2,44,1237.0,84.1,37.0,2,1.65,Watch
SKU0170,98812.34999999999,123,87,0.09770114942528736,802.1436781609195,Body Care,Body Wash,889.0,411.0,53.77,12.0,True,149.0,500,12.13,2,30,549.0,93.12332520105072,C,1,0.541,Y,91.0,Growing,2,48110.67,13176.0,1491.99,33442.68,33.84,3,29,1505.0,65.5,19.0,1,1.8,Watch
SKU0110,98316.75,124,86,0.12674418604651164,799.0290697674419,Nutrition,Supplements,915.0,321.0,64.92,31.5,True,472.0,1000,8.91,2,14,872.0,93.23041631677704,C,1,0.606,Y,43.8,Growing,2,59275.6,20928.0,1104.84,37242.76,37.88,3,25,1800.0,72.0,18.0,1,1.8,Watch
SKU0063,98215.65,83,54,0.1259259259259259,1170.3851851851853,Skincare,Face Wash,1339.0,445.0,66.77,18.8,True,502.0,50,42.4,2,14,902.0,93.33739730974399,C,1,0.598,Y,0.5,Stable,2,60206.97,21648.0,3519.2,35039.77,35.68,3,24,2158.0,75.0,18.0,1,1.8,Watch
SKU0207,97653.1,106,62,0.12419354838709677,923.0999999999999,Oral Care,Tooth Serum,1054.0,310.0,70.59,3.0,True,575.0,500,43.58,3,21,1175.0,93.44376554743626,C,1,0.798,Y,-49.0,Declining,2,64988.6,28200.0,4619.48,32169.12,32.94,3,23,1721.0,73.9,17.0,1,1.8,Watch
SKU0177,97345.5,153,96,0.13072916666666667,634.5677083333334,Body Care,Scrub,730.0,225.0,69.18,3.5,True,513.0,50,44.74,4,14,1313.0,93.54979873309317,C,1,0.546,Y,57.0,Growing,2,62663.86,31512.0,6845.22,24306.64,24.97,2,42,1258.0,71.4,30.0,2,1.65,Watch
SKU0276,97019.75,104,60,0.12916666666666668,941.3708333333333,Baby Care,Baby Oil,1081.0,397.0,63.27,9.5,True,260.0,50,12.1,1,21,460.0,93.65547709690185,C,1,0.681,Y,-0.9,Stable,2,56614.57,11040.0,1258.4,44316.17,45.68,3,33,1715.0,75.8,25.0,2,1.95,Watch
SKU0215,96796.25,298,181,0.11657458563535912,324.2171270718232,Oral Care,Toothpaste,367.0,142.0,61.31,16.5,True,313.0,50,38.46,2,21,713.0,93.7609120142544,C,1,0.394,X,9.4,Stable,3,54300.7,17112.0,11461.08,25727.62,26.58,2,72,634.0,68.1,49.0,3,2.0,Watch
SKU0150,95125.8,129,72,0.13472222222222222,737.2166666666667,Body Care,Body Lotion,852.0,339.0,60.21,7.7,True,114.0,500,38.79,3,21,714.0,93.86452740081221,C,1,0.558,Y,-40.6,Declining,2,51369.95,17136.0,5003.91,29230.04,30.73,3,34,1410.0,61.8,21.0,1,1.8,Watch
SKU0060,95062.4,217,145,0.10586206896551724,436.33931034482754,Skincare,Sunscreen,488.0,216.0,55.74,31.9,True,186.0,200,25.02,3,21,786.0,93.96807372918067,C,1,0.421,X,32.4,Growing,3,47813.63,18864.0,5429.34,23520.29,24.74,2,63,919.0,68.3,43.0,3,2.0,Watch
SKU0226,93963.6,139,88,0.12670454545454546,675.9306818181818,Oral Care,Mouthwash,774.0,264.0,65.89,19.4,True,195.0,100,12.85,4,21,995.0,94.07042319416664,C,1,0.545,Y,97.1,Growing,2,57258.36,23880.0,1786.15,31592.21,33.62,3,30,1401.0,73.3,22.0,1,1.8,Watch
SKU0201,93512.1,161,101,0.11138613861386139,585.5965346534654,Oral Care,Mouthwash,659.0,272.0,58.73,29.4,True,470.0,200,12.27,2,14,870.0,94.17228086463388,C,1,0.523,Y,71.9,Growing,2,50489.04,20880.0,1975.47,27633.57,29.55,2,43,1161.0,60.5,26.0,2,1.65,Watch
SKU0255,92431.2,114,73,0.10273972602739725,818.3013698630137,Baby Care,Baby Wash,912.0,388.0,57.46,36.5,True,461.0,100,30.03,5,14,1461.0,94.27296116922003,C,1,0.539,Y,54.9,Growing,2,49054.36,35064.0,3423.42,10566.94,11.43,2,25,1456.0,80.0,20.0,1,1.5,Watch
SKU0075,91852.25,145,89,0.11292134831460675,637.8095505617978,Skincare,Sunscreen,719.0,223.0,68.98,1.3,True,397.0,200,17.23,3,7,997.0,94.37301085489894,C,1,0.491,X,7.2,Stable,3,60147.38,23928.0,2498.35,33721.03,36.71,3,40,1323.0,67.5,27.0,2,2.15,Watch
SKU0220,89374.55,140,84,0.10535714285714286,637.8803571428571,Oral Care,Toothpaste,713.0,244.0,65.78,23.8,True,531.0,500,34.8,3,45,1131.0,94.47036171603943,C,1,0.54,Y,113.7,Growing,2,55143.25,27144.0,4872.0,23127.25,25.88,2,38,1355.0,78.9,30.0,2,1.65,Watch
SKU0244,88426.65,101,63,0.13015873015873014,863.752380952381,Baby Care,Baby Lotion,993.0,427.0,57.0,31.2,True,521.0,100,40.93,4,21,1321.0,94.56668008100206,C,1,0.768,Y,-53.3,Declining,2,44111.99,31704.0,4133.93,8274.06,9.36,1,33,1939.0,78.8,26.0,2,1.35,Watch
SKU0164,88167.2,105,68,0.11102941176470588,840.9661764705882,Body Care,Body Wash,946.0,453.0,52.11,20.8,True,595.0,200,9.5,5,7,1595.0,94.66271584111887,C,1,0.772,Y,9.3,Stable,2,40736.45,38280.0,997.5,1458.95,1.65,1,26,1456.0,73.1,19.0,1,1.2,Kill
SKU0219,87629.75,132,83,0.13493975903614458,663.5012048192771,Oral Care,Toothpaste,767.0,231.0,69.88,30.3,True,220.0,500,18.98,3,14,820.0,94.7581661860328,C,1,0.534,Y,-12.4,Stable,2,57090.16,19680.0,2505.36,34904.8,39.83,3,37,1311.0,78.4,29.0,2,1.95,Watch
SKU0233,87147.2,101,68,0.1338235294117647,859.2470588235294,Oral Care,Tooth Serum,992.0,350.0,64.72,20.0,True,229.0,100,8.65,2,14,629.0,94.85309091534316,C,1,0.812,Y,-3.1,Stable,2,51433.95,15096.0,873.65,35464.3,40.69,3,25,1854.0,76.0,19.0,1,1.8,Watch
SKU0197,86176.0,154,96,0.12239583333333333,561.6666666666666,Oral Care,Mouthwash,640.0,237.0,62.97,28.9,True,279.0,100,31.11,5,14,1279.0,94.9469577690464,C,1,0.506,Y,41.2,Growing,2,49998.67,30696.0,4790.94,14511.73,16.84,2,43,1148.0,69.8,30.0,2,1.65,Watch
SKU0205,85972.4,90,60,0.11,957.64,Oral Care,Tooth Serum,1076.0,421.0,60.87,19.0,True,556.0,100,11.66,2,7,956.0,95.04060285228674,C,1,0.709,Y,-27.9,Declining,2,48297.6,22944.0,1049.4,24304.2,28.27,2,31,2133.0,83.9,26.0,2,1.65,Watch
SKU0248,85572.4,119,78,0.12115384615384614,724.1692307692307,Baby Care,Baby Oil,824.0,292.0,64.56,7.9,True,155.0,100,17.78,2,21,555.0,95.13381223717158,C,1,0.533,Y,-25.9,Declining,2,51428.14,13320.0,2115.82,35992.32,42.06,3,32,1472.0,90.6,29.0,2,1.95,Watch
SKU0229,85266.45,118,74,0.09932432432432432,721.4412162162163,Oral Care,Mouthwash,801.0,313.0,60.92,3.7,True,314.0,100,38.5,2,21,714.0,95.2266883672768,C,1,0.394,X,-29.4,Declining,3,48196.06,17136.0,4543.0,26517.06,31.1,3,39,1369.0,76.9,30.0,2,2.15,Watch
SKU0252,85188.5,197,119,0.11554621848739496,434.26680672268907,Baby Care,Baby Lotion,491.0,169.0,65.58,7.6,True,140.0,500,9.14,2,7,540.0,95.31947959066498,C,1,0.358,X,-1.2,Stable,3,52257.56,12960.0,1800.58,37496.98,44.02,3,61,1209.0,80.3,49.0,3,2.3,Watch
SKU0062,82890.25,142,92,0.11684782608695653,578.4646739130435,Skincare,Moisturizer,655.0,250.0,61.83,37.1,True,97.0,50,38.79,3,45,697.0,95.40976745468949,C,1,0.545,Y,50.1,Growing,2,46641.98,16728.0,5508.18,24405.8,29.44,2,35,1273.0,82.9,29.0,2,1.65,Watch
SKU0179,82397.5,65,34,0.11029411764705882,1274.9485294117646,Body Care,Scrub,1433.0,601.0,58.06,37.3,True,578.0,100,15.18,2,45,978.0,95.49951859280236,C,1,0.467,X,-22.0,Declining,3,43806.65,23472.0,986.7,19347.95,23.48,2,17,2660.0,82.4,14.0,1,1.7,Watch
SKU0216,81259.75,128,86,0.11744186046511627,631.0290697674419,Oral Care,Toothpaste,715.0,306.0,57.2,30.3,True,320.0,500,31.15,4,21,1120.0,95.58803044140537,C,1,0.488,X,5.5,Stable,3,41603.72,26880.0,3987.2,10736.52,13.21,2,32,1183.0,84.4,27.0,2,1.85,Watch
SKU0146,78667.6,106,68,0.10735294117647058,746.2529411764706,Body Care,Scrub,836.0,259.0,69.02,37.2,True,351.0,200,32.57,3,30,951.0,95.67371880127801,C,1,0.596,Y,74.3,Growing,2,51648.81,22824.0,3452.42,25372.39,32.25,3,34,1317.0,73.5,25.0,2,1.95,Watch
SKU0100,78045.4,70,48,0.12395833333333334,1110.8208333333334,Nutrition,Vitamins,1268.0,382.0,69.87,25.3,True,116.0,50,8.56,4,14,916.0,95.75872943235875,C,1,0.373,X,9.3,Stable,3,51017.46,21984.0,599.2,28434.26,36.43,3,22,1745.0,86.4,19.0,1,2.0,Watch
SKU0081,76658.4,172,113,0.1168141592920354,445.12566371681413,Skincare,Moisturizer,504.0,175.0,65.28,37.3,True,196.0,1000,21.26,4,45,996.0,95.84222927939187,C,1,0.583,Y,-9.1,Stable,2,46461.61,23904.0,3656.72,18900.89,24.66,2,49,1053.0,75.5,37.0,2,1.65,Watch
SKU0211,75621.0,154,95,0.11631578947368422,489.561052631579,Oral Care,Mouthwash,554.0,239.0,56.86,8.6,True,323.0,1000,30.47,2,14,723.0,95.92459914274006,C,1,0.773,Y,-49.3,Declining,2,38586.4,17352.0,4692.38,16542.02,21.87,2,39,1343.0,87.2,34.0,2,1.65,Watch
SKU0091,74279.4,67,38,0.15,1091.3999999999999,Skincare,Moisturizer,1284.0,480.0,62.62,37.3,True,455.0,200,38.08,3,21,1055.0,96.005507673804,C,1,0.541,Y,-18.9,Stable,2,40963.8,25320.0,2551.36,13092.44,17.63,2,13,2025.0,84.6,11.0,1,1.5,Watch
SKU0123,74261.0,107,67,0.1171641791044776,693.026119402985,Nutrition,Vitamins,785.0,313.0,60.13,20.6,True,196.0,500,38.72,3,14,796.0,96.08639616274358,C,1,0.502,Y,7.1,Stable,2,40662.79,19104.0,4143.04,17415.75,23.45,2,32,1571.0,78.1,25.0,2,1.65,Watch
SKU0118,72665.7,210,119,0.12436974789915967,344.12268907563026,Nutrition,Protein Powder,393.0,154.0,60.81,21.4,True,558.0,100,19.38,5,14,1558.0,96.16554697771696,C,1,0.475,X,9.7,Stable,3,39925.76,37392.0,4069.8,-1536.04,-2.11,1,55,766.0,72.7,40.0,2,1.55,Watch
SKU0129,72549.6,271,170,0.11764705882352941,268.2352941176471,Nutrition,Vitamins,304.0,88.0,71.05,30.0,True,207.0,500,13.74,2,45,607.0,96.24457133124264,C,1,0.454,X,-5.4,Stable,3,48843.76,14568.0,3723.54,30552.22,42.11,3,71,696.0,67.6,48.0,3,2.3,Watch
SKU0268,72399.6,124,79,0.11518987341772151,586.6291139240506,Baby Care,Baby Lotion,663.0,289.0,56.41,23.3,True,467.0,1000,25.5,4,21,1267.0,96.32343229788502,C,1,0.565,Y,33.8,Growing,2,36906.01,30408.0,3162.0,3336.01,4.61,1,38,1457.0,71.1,27.0,2,1.35,Watch
SKU0102,70312.5,63,43,0.1058139534883721,1117.7325581395348,Nutrition,Supplements,1250.0,485.0,61.2,33.5,True,560.0,200,11.45,3,30,1160.0,96.40001989943313,C,1,0.74,Y,25.9,Growing,2,39862.15,27840.0,721.35,11300.8,16.07,2,20,2350.0,85.0,17.0,1,1.5,Watch
SKU0069,70264.3,75,49,0.1183673469387755,937.1755102040815,Skincare,Sunscreen,1063.0,378.0,64.44,12.7,True,127.0,500,32.71,3,21,727.0,96.47655499932941,C,1,0.829,Y,-16.2,Stable,2,41938.16,17448.0,2453.25,22036.91,31.36,3,21,1799.0,76.2,16.0,1,1.8,Watch
SKU0258,68955.15,88,56,0.10357142857142856,778.9964285714286,Baby Care,Baby Oil,869.0,285.0,67.2,10.6,True,159.0,200,23.33,2,21,559.0,96.55166411297053,C,1,0.523,Y,-3.8,Stable,2,43471.69,13416.0,2053.04,28002.65,40.61,3,27,1557.0,74.1,20.0,1,1.8,Watch
SKU0198,68153.25,127,84,0.1136904761904762,536.2172619047619,Oral Care,Mouthwash,605.0,200.0,66.94,11.2,True,256.0,50,18.78,2,21,656.0,96.62589976033348,C,1,0.618,Y,-6.5,Stable,2,42699.59,15744.0,2385.06,24570.53,36.05,3,33,1161.0,75.8,25.0,2,1.95,Watch
SKU0249,68001.0,137,87,0.13160919540229885,494.98275862068965,Baby Care,Baby Wash,570.0,247.0,56.67,19.3,True,315.0,500,37.44,2,14,715.0,96.69996957000991,C,1,0.602,Y,-2.9,Stable,2,33973.64,17160.0,5129.28,11684.36,17.18,2,43,883.0,74.4,32.0,2,1.65,Watch
SKU0208,65772.8,108,63,0.12460317460317459,602.2730158730159,Oral Care,Toothpaste,688.0,255.0,62.94,11.6,True,275.0,50,30.85,1,30,475.0,96.77161232199715,C,1,0.686,Y,166.7,Growing,2,37505.49,11400.0,3331.8,22773.69,34.62,3,29,1339.0,58.6,17.0,1,1.8,Watch
SKU0277,65099.8,108,65,0.12692307692307692,608.5346153846153,Baby Care,Baby Lotion,697.0,274.0,60.69,11.3,True,571.0,500,20.75,4,21,1371.0,96.84252201150133,C,1,0.737,Y,23.6,Growing,2,36129.74,32904.0,2241.0,984.74,1.51,1,29,1186.0,65.5,19.0,1,1.2,Kill
SKU0253,64543.5,196,126,0.12420634920634921,331.05,Baby Care,Baby Wash,378.0,128.0,66.14,32.8,True,384.0,1000,13.85,3,45,984.0,96.91282575351762,C,1,0.547,Y,21.3,Growing,2,39797.8,23616.0,2714.6,13467.2,20.87,2,52,812.0,82.7,43.0,3,1.8,Watch
SKU0120,64377.0,52,31,0.1032258064516129,1237.5483870967741,Nutrition,Vitamins,1380.0,468.0,66.09,29.8,True,234.0,200,20.62,2,14,634.0,96.98294813609346,C,1,0.66,Y,179.0,Growing,2,40016.52,15216.0,1072.24,23728.28,36.86,3,14,1860.0,85.7,12.0,1,1.8,Watch
SKU0271,64022.75,94,56,0.10714285714285714,670.5357142857143,Baby Care,Baby Oil,751.0,275.0,63.38,13.1,True,485.0,100,16.26,4,45,1285.0,97.05268465331322,C,1,0.655,Y,-16.4,Stable,2,37180.36,30840.0,1528.44,4811.92,7.52,1,32,1329.0,78.1,25.0,2,1.35,Watch
SKU0116,63419.8,95,54,0.12222222222222222,677.6444444444445,Nutrition,Vitamins,772.0,245.0,68.26,4.4,True,484.0,100,19.56,5,21,1484.0,97.12176440972439,C,1,0.739,Y,55.5,Growing,2,41101.22,35616.0,1858.2,3627.02,5.72,1,22,1296.0,72.7,16.0,1,1.2,Kill
SKU0080,63036.25,60,44,0.12840909090909092,1041.5511363636363,Skincare,Moisturizer,1195.0,459.0,61.59,17.0,True,224.0,500,32.1,1,21,424.0,97.19042638587496,C,1,0.844,Y,20.5,Growing,2,34953.07,10176.0,1926.0,22851.07,36.25,3,16,1689.0,56.2,9.0,1,1.8,Watch
SKU0217,62312.6,72,46,0.09673913043478262,855.3880434782608,Oral Care,Mouthwash,947.0,374.0,60.51,29.1,True,511.0,50,43.8,2,14,911.0,97.25830012923818,C,1,0.581,Y,-6.6,Stable,2,34659.94,21864.0,3153.6,9642.34,15.47,2,25,1961.0,80.0,20.0,1,1.5,Watch
SKU0234,62024.8,71,43,0.10930232558139535,869.3209302325582,Oral Care,Tooth Serum,976.0,427.0,56.25,23.5,True,404.0,500,29.53,2,14,804.0,97.32586038763465,C,1,0.554,Y,34.7,Growing,2,31404.79,19296.0,2096.63,10012.16,16.14,2,19,1655.0,84.2,16.0,1,1.5,Watch
SKU0059,61670.7,129,80,0.123125,478.77375,Skincare,Serum,546.0,239.0,56.23,8.2,True,109.0,200,38.22,2,7,509.0,97.39303494406192,C,1,0.5,Y,39.1,Growing,2,30930.81,12216.0,4930.38,13784.43,22.35,2,31,1225.0,74.2,23.0,2,1.65,Watch
SKU0092,61543.8,68,45,0.13777777777777778,900.16,Skincare,Serum,1044.0,455.0,56.42,3.7,True,300.0,100,38.99,5,30,1300.0,97.46007127518594,C,1,0.684,Y,-34.5,Declining,2,30270.88,31200.0,2651.32,-3580.44,-5.82,1,27,1916.0,74.1,20.0,1,1.2,Kill
SKU0128,59994.0,114,70,0.115,525.69,Nutrition,Supplements,594.0,214.0,63.97,19.3,True,531.0,500,16.54,4,21,1331.0,97.52541949303166,C,1,0.745,Y,12.4,Stable,2,35532.66,31944.0,1885.56,1703.1,2.84,1,31,1071.0,80.6,25.0,2,1.35,Watch
SKU0236,59518.2,178,98,0.1270408163265306,334.3433673469388,Baby Care,Baby Oil,383.0,134.0,65.01,27.3,True,90.0,200,39.94,1,14,290.0,97.59024944768355,C,1,0.474,X,-12.0,Stable,3,35661.12,6960.0,7109.32,21591.8,36.28,3,47,882.0,70.2,33.0,2,2.15,Watch
SKU0225,58835.0,67,38,0.14605263157894735,875.296052631579,Oral Care,Tooth Serum,1025.0,415.0,59.51,22.2,True,524.0,50,31.24,2,14,924.0,97.6543352295443,C,1,0.575,Y,30.6,Growing,2,30839.84,22176.0,2093.08,6570.76,11.17,2,14,2798.0,71.4,10.0,1,1.5,Watch
SKU0228,58279.4,62,38,0.09999999999999999,933.3000000000001,Oral Care,Toothpaste,1037.0,493.0,52.46,7.0,True,285.0,200,38.2,3,14,885.0,97.71781582638928,C,1,0.509,Y,0.0,Stable,2,27298.6,21240.0,2368.4,3690.2,6.33,1,16,1848.0,81.2,13.0,1,1.2,Kill
SKU0160,57740.25,131,75,0.12733333333333335,437.20599999999996,Body Care,Body Lotion,501.0,204.0,59.28,31.9,True,585.0,100,21.81,5,21,1585.0,97.78070915631338,C,1,0.709,Y,15.7,Stable,2,30549.99,38040.0,2857.11,-10347.12,-17.92,1,30,1133.0,70.0,21.0,1,1.2,Kill
SKU0083,57584.8,72,49,0.12040816326530612,795.1510204081633,Skincare,Moisturizer,904.0,328.0,63.72,14.9,True,308.0,500,42.91,4,14,1108.0,97.84343316296409,C,1,0.587,Y,116.0,Growing,2,33634.87,26592.0,3089.52,3953.35,6.87,1,22,1983.0,68.2,15.0,1,1.2,Kill
SKU0136,56559.5,51,32,0.121875,1116.096875,Nutrition,Supplements,1271.0,356.0,71.99,37.5,True,368.0,100,41.36,2,7,768.0,97.90504036580514,C,1,0.551,Y,-19.0,Stable,2,38764.94,18432.0,2109.36,18223.58,32.22,3,10,1811.0,70.0,7.0,1,1.8,Watch
SKU0254,56063.7,79,53,0.11981132075471697,712.0726415094339,Baby Care,Baby Oil,809.0,326.0,59.7,6.3,True,584.0,200,43.4,2,14,984.0,97.96610752053456,C,1,0.609,Y,134.4,Growing,2,30499.74,23616.0,3428.6,3455.14,6.16,1,18,1624.0,83.3,15.0,1,1.2,Kill
SKU0121,54163.2,61,42,0.10714285714285714,885.7142857142857,Nutrition,Protein Powder,992.0,425.0,57.16,14.9,True,262.0,100,13.72,2,14,662.0,98.02510456345254,C,1,0.783,Y,-62.2,Declining,2,28103.57,15888.0,836.92,11378.65,21.01,2,18,1361.0,66.7,12.0,1,1.5,Watch
SKU0167,53812.5,116,74,0.12364864864864865,460.0844594594595,Body Care,Scrub,525.0,226.0,56.95,10.2,True,551.0,100,8.77,3,45,1151.0,98.08371960783737,C,1,0.638,Y,9.0,Stable,2,27153.8,27624.0,1017.32,-1487.52,-2.76,1,35,1008.0,62.9,22.0,1,1.2,Kill
SKU0147,53237.700000000004,50,35,0.10142857142857142,1070.1985714285715,Body Care,Scrub,1191.0,423.0,64.48,22.6,True,299.0,200,15.54,2,14,699.0,98.14170855368538,C,1,0.818,Y,-64.4,Declining,2,32359.93,16776.0,777.0,14806.93,27.81,2,18,2484.0,88.9,16.0,1,1.5,Watch
SKU0265,52036.6,135,92,0.11521739130434783,385.76521739130436,Baby Care,Baby Oil,436.0,134.0,69.27,31.8,True,335.0,500,33.32,2,21,735.0,98.19838920629648,C,1,0.63,Y,15.1,Stable,2,33988.3,17640.0,4498.2,11850.1,22.77,2,42,1189.0,88.1,37.0,2,1.65,Watch
SKU0240,51682.15,195,130,0.11192307692307693,265.535,Baby Care,Baby Wash,299.0,134.0,55.18,7.8,True,351.0,200,14.65,2,14,751.0,98.25468377570236,C,1,0.599,Y,4.9,Stable,2,25649.33,18024.0,2856.75,4768.58,9.23,1,63,711.0,85.7,54.0,3,1.5,Watch
SKU0066,51012.5,66,42,0.12261904761904763,767.7083333333334,Skincare,Face Wash,875.0,386.0,55.89,14.2,True,358.0,200,26.14,1,14,558.0,98.31024893159886,C,1,0.632,Y,161.3,Growing,2,25192.75,13392.0,1725.24,10075.51,19.75,2,15,1436.0,66.7,10.0,1,1.5,Watch
SKU0174,48330.0,50,29,0.09827586206896552,968.451724137931,Body Care,Body Wash,1074.0,445.0,58.57,26.6,True,389.0,100,12.93,1,21,589.0,98.36289218539898,C,1,0.973,Y,-55.8,Declining,2,26172.59,14136.0,646.5,11390.09,23.57,2,17,2176.0,64.7,11.0,1,1.5,Watch
SKU0108,48154.5,46,32,0.1421875,1055.109375,Nutrition,Vitamins,1230.0,367.0,70.16,15.9,True,111.0,500,13.33,2,14,511.0,98.41534427654562,C,1,0.495,X,44.7,Growing,3,31653.03,12264.0,613.18,18775.85,38.99,3,12,1564.0,83.3,10.0,1,2.0,Watch
SKU0227,47008.25,179,108,0.11157407407407408,262.08564814814815,Oral Care,Tooth Serum,295.0,110.0,62.71,3.5,True,427.0,1000,27.71,4,14,1227.0,98.46654781959236,C,1,0.424,X,7.9,Stable,3,27223.33,29448.0,4960.09,-7184.76,-15.28,1,39,635.0,76.9,30.0,2,1.55,Watch
SKU0153,46828.65,176,107,0.12570093457943923,264.9126168224299,Body Care,Scrub,303.0,105.0,65.35,36.9,True,205.0,50,30.45,5,21,1205.0,98.5175557340775,C,1,0.421,X,40.7,Growing,3,28144.62,28920.0,5359.2,-6134.58,-13.1,1,42,707.0,81.0,34.0,2,1.55,Watch
SKU0230,46464.6,119,83,0.12289156626506023,389.43614457831325,Oral Care,Tooth Serum,444.0,178.0,59.91,34.7,True,555.0,100,34.39,3,14,1155.0,98.56816710859687,C,1,0.652,Y,-34.1,Declining,2,25160.9,27720.0,4092.41,-6651.51,-14.32,1,34,954.0,82.4,28.0,2,1.35,Watch
SKU0279,46413.5,49,32,0.096875,941.959375,Baby Care,Baby Lotion,1043.0,344.0,67.02,8.6,True,317.0,500,34.6,4,30,1117.0,98.6187228226513,C,1,0.615,Y,-53.8,Declining,2,29300.01,26808.0,1695.4,796.61,1.72,1,10,1896.0,90.0,9.0,1,1.2,Kill
SKU0114,45314.0,93,62,0.12661290322580646,485.60322580645163,Nutrition,Protein Powder,556.0,264.0,52.52,38.2,True,377.0,500,11.87,2,21,777.0,98.66808091085116,C,1,0.472,X,-5.4,Stable,3,20609.1,18648.0,1103.91,857.19,1.89,1,23,1129.0,69.6,16.0,1,1.4,Watch
SKU0223,44635.5,110,67,0.10820895522388059,405.7649253731343,Oral Care,Mouthwash,455.0,182.0,60.0,6.0,True,332.0,200,10.28,2,7,732.0,98.71669994571552,C,1,0.776,Y,25.3,Growing,2,24614.14,17568.0,1130.8,5915.34,13.25,2,32,1092.0,75.0,24.0,2,1.65,Watch
SKU0131,43899.9,198,128,0.11679687500000001,221.683984375,Nutrition,Supplements,251.0,108.0,56.97,32.6,True,489.0,200,35.07,2,21,889.0,98.76451773130417,C,1,0.475,X,-6.8,Stable,3,22509.43,21336.0,6943.86,-5770.43,-13.14,1,56,664.0,80.4,45.0,3,1.7,Watch
SKU0105,42216.75,111,75,0.126,380.19,Nutrition,Vitamins,435.0,140.0,67.82,18.4,True,275.0,200,11.05,3,14,875.0,98.81050215267528,C,1,0.583,Y,2.0,Stable,2,26661.09,21000.0,1226.55,4434.54,10.5,2,32,738.0,46.9,15.0,1,1.5,Watch
SKU0213,42102.65,65,42,0.09523809523809523,645.0952380952381,Oral Care,Toothpaste,713.0,285.0,60.03,1.5,True,408.0,500,35.56,3,14,1008.0,98.8563622910905,C,1,0.668,Y,-34.5,Declining,2,23406.19,24192.0,2311.4,-3097.21,-7.36,1,24,1167.0,79.2,19.0,1,1.2,Kill
SKU0156,42079.15,42,25,0.158,999.454,Body Care,Body Lotion,1187.0,499.0,57.96,7.7,True,168.0,200,22.66,1,21,368.0,98.90219683222735,C,1,0.684,Y,64.4,Growing,2,21019.07,8832.0,951.72,11235.35,26.7,2,12,2411.0,83.3,10.0,1,1.5,Watch
SKU0149,41649.3,32,17,0.061764705882352944,1300.394117647059,Body Care,Scrub,1386.0,494.0,64.36,11.2,True,320.0,50,22.77,4,14,1120.0,98.94756316101892,C,1,0.761,Y,-77.7,Declining,2,25804.61,26880.0,728.64,-1804.03,-4.33,1,9,3509.0,100.0,9.0,1,1.2,Kill
SKU0071,41234.05,57,34,0.10294117647058823,720.3382352941177,Skincare,Moisturizer,803.0,296.0,63.14,15.3,True,394.0,1000,15.79,3,45,994.0,98.99247718045523,C,1,0.745,Y,-27.4,Declining,2,24187.28,23856.0,900.03,-568.75,-1.38,1,22,1486.0,59.1,13.0,1,1.2,Kill
SKU0272,38496.15,144,95,0.12105263157894737,266.32105263157894,Baby Care,Baby Wash,303.0,125.0,58.75,21.6,True,351.0,100,40.47,2,14,751.0,99.03440895357289,C,1,0.558,Y,-41.0,Declining,2,20350.23,18024.0,5827.68,-3501.45,-9.1,1,42,867.0,73.8,31.0,2,1.35,Watch
SKU0199,38160.0,136,79,0.10886075949367088,283.3822784810127,Oral Care,Toothpaste,318.0,94.0,70.44,30.0,True,160.0,500,18.19,4,14,960.0,99.07597457668508,C,1,0.713,Y,-37.3,Declining,2,25755.99,23040.0,2473.84,242.15,0.63,1,35,832.0,88.6,31.0,2,1.35,Watch
SKU0218,37902.75,30,18,0.12222222222222223,1277.1666666666667,Oral Care,Toothpaste,1455.0,457.0,68.59,31.9,True,486.0,50,25.87,4,21,1286.0,99.11725999129241,C,1,0.542,Y,334.4,Growing,2,24605.0,30864.0,776.1,-7035.1,-18.56,1,8,2827.0,75.0,6.0,1,1.2,Kill
SKU0061,37145.0,183,119,0.11680672268907563,203.1344537815126,Skincare,Serum,230.0,73.0,68.26,23.1,True,292.0,100,14.22,1,14,492.0,99.15772002982759,C,1,0.608,Y,-33.4,Declining,2,23814.61,11808.0,2602.26,9404.35,25.32,2,57,643.0,80.7,46.0,3,1.8,Watch
SKU0073,37095.05,85,55,0.10272727272727274,440.5609090909091,Skincare,Moisturizer,491.0,157.0,68.02,2.6,True,218.0,500,23.04,3,21,818.0,99.19812566053062,C,1,0.584,Y,-30.7,Declining,2,24102.68,19632.0,1958.4,2512.28,6.77,1,19,869.0,73.7,14.0,1,1.2,Kill
SKU0137,36622.35,47,31,0.11612903225806452,771.6193548387097,Nutrition,Protein Powder,873.0,353.0,59.56,34.5,True,530.0,200,28.65,4,30,1330.0,99.23801640470208,C,1,0.724,Y,20.0,Growing,2,19675.11,31920.0,1346.55,-13591.44,-37.11,1,8,1332.0,62.5,5.0,1,1.2,Kill
SKU0111,36329.8,116,66,0.12348484848484849,312.0393939393939,Nutrition,Protein Powder,356.0,113.0,68.26,9.0,True,176.0,50,29.55,2,14,576.0,99.2775884899888,C,1,0.47,X,20.8,Growing,3,23088.57,13824.0,3427.8,5836.77,16.07,2,34,694.0,73.5,25.0,2,1.85,Watch
SKU0194,35011.35,110,68,0.11838235294117648,320.0272058823529,Oral Care,Toothpaste,363.0,147.0,59.5,37.9,True,415.0,500,9.03,2,14,815.0,99.31572445903358,C,1,0.518,Y,1.8,Stable,2,19032.99,19560.0,993.3,-1520.31,-4.34,1,35,1163.0,85.7,30.0,2,1.35,Watch
SKU0158,33385.2,73,41,0.11341463414634147,457.47804878048777,Body Care,Body Lotion,516.0,187.0,63.76,13.1,True,419.0,100,34.64,4,21,1219.0,99.35208915087648,C,1,0.806,Y,-17.7,Stable,2,19744.9,29256.0,2528.72,-12039.82,-36.06,1,21,1291.0,66.7,14.0,1,1.2,Kill
SKU0088,33003.1,26,20,0.08,1267.76,Skincare,Face Wash,1378.0,549.0,60.16,2.8,True,182.0,200,14.37,4,21,982.0,99.38803764186531,C,1,0.441,X,-27.2,Declining,3,18687.76,23568.0,373.62,-5253.86,-15.92,1,14,2066.0,85.7,12.0,1,1.4,Kill
SKU0064,32918.4,58,36,0.12638888888888888,566.0999999999999,Skincare,Sunscreen,648.0,283.0,56.33,30.3,True,98.0,500,9.97,1,14,298.0,99.4238938737274,C,1,0.416,X,-12.7,Stable,3,16419.8,7152.0,578.26,8689.54,26.4,2,14,1387.0,78.6,11.0,1,1.7,Watch
SKU0139,31781.7,151,103,0.11116504854368932,210.6538834951456,Nutrition,Protein Powder,237.0,96.0,59.49,17.1,True,566.0,500,11.51,3,14,1166.0,99.45851195978778,C,1,0.728,Y,-12.4,Stable,2,17312.74,27984.0,1738.01,-12409.27,-39.05,1,42,788.0,76.2,32.0,2,1.35,Watch
SKU0189,31416.0,67,37,0.13378378378378378,471.22162162162164,Oral Care,Toothpaste,544.0,166.0,69.49,29.3,True,395.0,100,38.28,2,7,795.0,99.49273170862669,C,1,0.632,Y,-68.1,Declining,2,20449.85,19080.0,2564.76,-1194.91,-3.8,1,16,1262.0,56.2,9.0,1,1.2,Kill
SKU0085,30771.899999999998,30,18,0.1388888888888889,1015.25,Skincare,Moisturizer,1179.0,531.0,54.96,29.2,True,320.0,200,23.48,2,14,720.0,99.5262498741887,C,1,0.643,Y,-46.2,Declining,2,14527.5,17280.0,704.4,-3456.9,-11.23,1,6,2036.0,66.7,4.0,1,1.2,Kill
SKU0070,29835.25,36,22,0.10909090909090909,811.6181818181817,Skincare,Sunscreen,911.0,255.0,72.01,20.3,True,468.0,200,9.34,1,45,668.0,99.55874779758906,C,1,0.894,Y,116.2,Growing,2,20038.25,16032.0,336.24,3670.01,12.3,2,12,1150.0,50.0,6.0,1,1.5,Watch
SKU0206,29393.0,28,17,0.12352941176470589,1043.0,Oral Care,Tooth Serum,1190.0,553.0,53.53,24.6,True,370.0,200,42.52,2,14,770.0,99.59076400199517,C,1,0.558,Y,-73.6,Declining,2,13720.0,18480.0,1190.56,-5950.56,-20.24,1,11,1482.0,63.6,7.0,1,1.2,Kill
SKU0261,28698.75,149,87,0.1442528735632184,192.54310344827587,Baby Care,Baby Oil,225.0,102.0,54.67,3.9,True,276.0,200,40.78,2,45,676.0,99.62202399744304,C,1,0.455,X,28.3,Growing,3,13490.92,16224.0,6076.22,-8809.3,-30.7,1,44,626.0,79.5,35.0,2,1.55,Watch
SKU0178,25593.75,89,53,0.10283018867924529,291.5801886792453,Body Care,Body Lotion,325.0,149.0,54.15,10.1,True,142.0,100,40.94,4,21,942.0,99.64990188440656,C,1,0.548,Y,-28.2,Declining,2,12689.64,22608.0,3643.66,-13562.02,-52.99,1,25,804.0,76.0,19.0,1,1.2,Kill
SKU0188,25244.4,131,91,0.12032967032967032,191.7681318681319,Body Care,Body Lotion,218.0,95.0,56.42,17.0,True,471.0,200,16.8,4,7,1271.0,99.67739924331886,C,1,0.49,X,-30.4,Declining,3,12676.63,30504.0,2200.8,-20028.17,-79.34,1,48,489.0,72.9,35.0,2,1.55,Watch
SKU0185,24989.9,23,15,0.09333333333333334,1107.9466666666667,Body Care,Body Lotion,1222.0,392.0,67.92,38.3,True,546.0,200,18.66,4,14,1346.0,99.7046193891525,C,1,0.418,X,151.9,Growing,3,16466.77,32304.0,429.18,-16266.41,-65.09,1,4,2046.0,75.0,3.0,1,1.4,Watch
SKU0184,23741.5,25,16,0.075,952.75,Body Care,Scrub,1030.0,488.0,52.62,4.4,True,103.0,200,20.06,4,45,903.0,99.7304797204187,C,1,0.514,Y,119.2,Growing,2,11618.75,21672.0,501.5,-10554.75,-44.46,1,7,2266.0,71.4,5.0,1,1.2,Kill
SKU0125,23570.4,29,16,0.134375,836.19375,Nutrition,Supplements,966.0,426.0,55.9,14.3,True,277.0,100,41.53,4,21,1077.0,99.75615368171334,C,1,0.483,X,19.0,Stable,3,11895.62,25848.0,1204.37,-15156.75,-64.3,1,4,2955.0,100.0,4.0,1,1.4,Watch
SKU0124,22113.0,45,29,0.1327586206896552,491.7258620689655,Nutrition,Supplements,567.0,256.0,54.85,5.7,True,256.0,500,42.74,3,30,856.0,99.78024017604983,C,1,0.608,Y,474.5,Growing,2,10607.66,20544.0,1923.3,-11859.64,-53.63,1,10,748.0,60.0,6.0,1,1.2,Kill
SKU0280,21843.6,29,15,0.13333333333333333,755.7333333333333,Baby Care,Baby Lotion,872.0,403.0,53.78,8.9,True,121.0,200,26.58,3,14,721.0,99.80403322754388,C,1,0.795,Y,-68.8,Declining,2,10229.27,17304.0,770.82,-7845.55,-35.92,1,6,1657.0,50.0,3.0,1,1.2,Kill
SKU0161,20702.1,17,10,0.10500000000000001,1227.045,Body Care,Body Wash,1371.0,570.0,58.42,11.6,True,462.0,100,30.59,4,14,1262.0,99.82658290485601,C,1,0.596,Y,-70.0,Declining,2,11169.77,30288.0,520.03,-19638.26,-94.86,1,6,2777.0,83.3,5.0,1,1.2,Kill
SKU0144,18246.6,38,25,0.134,483.228,Body Care,Body Lotion,558.0,244.0,56.27,28.9,True,437.0,500,14.13,2,21,837.0,99.84645793888846,C,1,0.631,Y,23.3,Growing,2,9090.66,20088.0,536.94,-11534.28,-63.21,1,10,857.0,60.0,6.0,1,1.2,Kill
SKU0257,17239.35,72,45,0.14444444444444443,240.4111111111111,Baby Care,Baby Lotion,281.0,126.0,55.16,34.6,True,358.0,200,19.27,3,14,958.0,99.86523582999955,C,1,0.676,Y,-39.8,Declining,2,8237.6,22992.0,1387.44,-16141.84,-93.63,1,24,729.0,79.2,19.0,1,1.2,Kill
SKU0165,15666.0,84,49,0.11020408163265306,186.85714285714286,Body Care,Body Wash,210.0,95.0,54.76,4.3,True,225.0,100,13.91,2,14,625.0,99.88229995609169,C,1,0.589,Y,-18.6,Stable,2,7716.0,15000.0,1168.44,-8452.44,-53.95,1,21,581.0,81.0,17.0,1,1.2,Kill
SKU0173,15468.199999999999,55,37,0.10135135135135136,283.97297297297297,Body Care,Body Wash,316.0,113.0,64.24,18.8,True,373.0,100,43.3,2,30,773.0,99.89914862934702,C,1,0.564,Y,-31.0,Declining,2,9403.51,18552.0,2381.5,-11529.99,-74.54,1,19,904.0,73.7,14.0,1,1.2,Kill
SKU0162,14523.6,28,15,0.10333333333333333,527.24,Body Care,Scrub,588.0,278.0,52.72,17.8,True,474.0,200,26.03,2,14,874.0,99.9149684009359,C,1,0.713,Y,422.2,Growing,2,6978.72,20976.0,728.84,-14726.12,-101.39,1,8,1197.0,50.0,4.0,1,1.2,Kill
SKU0112,12456.0,30,21,0.1261904761904762,419.42857142857144,Nutrition,Protein Powder,480.0,181.0,62.29,36.3,True,417.0,200,15.4,2,14,817.0,99.92853604772537,C,1,0.587,Y,63.6,Growing,2,7152.86,19608.0,462.0,-12917.14,-103.7,1,8,883.0,75.0,6.0,1,1.2,Kill
SKU0122,11666.25,44,29,0.12586206896551724,266.61206896551727,Nutrition,Supplements,305.0,100.0,67.21,38.1,True,165.0,100,43.88,3,45,765.0,99.94124346257422,C,1,0.438,X,-42.8,Declining,3,7330.93,18360.0,1930.72,-12959.79,-111.09,1,14,546.0,35.7,5.0,1,1.4,Kill
SKU0076,11253.9,26,16,0.096875,436.209375,Skincare,Sunscreen,483.0,213.0,55.9,35.8,True,275.0,100,9.59,2,14,675.0,99.9535017268809,C,1,0.528,Y,75.4,Growing,2,5803.44,16200.0,249.34,-10645.9,-94.6,1,9,1311.0,66.7,6.0,1,1.2,Kill
SKU0155,9690.0,10,7,0.07142857142857142,947.1428571428571,Body Care,Body Lotion,1020.0,473.0,53.63,16.3,True,354.0,50,17.28,2,30,754.0,99.96405651954225,C,1,0.614,Y,550.0,Growing,2,4741.43,18096.0,172.8,-13527.37,-139.6,1,3,850.0,100.0,3.0,1,1.2,Kill
SKU0191,8797.5,39,29,0.12931034482758622,222.02586206896552,Oral Care,Tooth Serum,255.0,111.0,56.47,36.0,True,140.0,1000,30.41,1,21,340.0,99.97363916024796,C,1,0.733,Y,13.5,Stable,2,4330.01,8160.0,1185.99,-5015.98,-57.02,1,9,1031.0,100.0,9.0,1,1.2,Kill
SKU0203,8580.0,8,6,0.16666666666666666,1083.3333333333333,Oral Care,Toothpaste,1300.0,455.0,65.0,38.4,True,481.0,50,14.44,4,21,1281.0,99.98298488997285,C,1,0.578,Y,-85.2,Declining,2,5026.67,30744.0,115.52,-25832.85,-301.08,1,4,1518.0,75.0,3.0,1,1.2,Kill
SKU0157,6993.0,29,20,0.0725,240.2225,Body Care,Body Lotion,259.0,114.0,55.98,20.7,True,124.0,50,23.37,3,14,724.0,99.99060198647243,C,1,0.546,Y,79.5,Growing,2,3660.45,17376.0,677.73,-14393.28,-205.82,1,11,487.0,54.5,6.0,1,1.2,Kill
SKU0058,5913.6,30,19,0.14736842105263157,196.9578947368421,Skincare,Sunscreen,231.0,99.0,57.14,23.3,True,573.0,200,27.71,1,21,773.0,99.99704335095974,C,1,0.656,Y,-2.5,Stable,2,2938.74,18552.0,831.3,-16444.56,-278.08,1,6,656.0,100.0,6.0,1,1.2,Kill
SKU0096,2714.4,14,10,0.16499999999999998,193.72,Nutrition,Supplements,232.0,79.0,65.95,26.2,True,510.0,100,41.0,3,30,1110.0,100.0,C,1,0.361,X,32.0,Growing,3,1606.08,26640.0,574.0,-25607.92,-943.41,1,3,347.0,100.0,3.0,1,1.4,Watch
